序号,企业名称,车辆总数,异常设备车辆数,未上报数据车辆数,驾驶员异常报警车辆数,轨迹异常车辆数,归属地
1,中国石油运输有限公司陕西分公司,403,217,24,234,0,西安市
2,榆林市东兴汽车运输有限公司,376,175,32,182,0,榆林市
3,榆林市富强货运有限责任公司,258,122,10,133,0,榆林市
4,宝鸡市永联特种货物运输有限公司,422,34,45,120,9,宝鸡市
5,宝鸡市吉隆特种货物运输服务有限公司,363,39,5,157,0,宝鸡市
6,志丹县保安联营运输公司,160,74,1,121,0,延安市
7,渭南前进货运有限责任公司,161,111,7,77,0,渭南市
8,陕西隆顺汽车运输有限公司,191,64,0,131,0,延安市
9,定边县森豪威油田钻井工程运输有限责任公司,168,88,0,99,0,榆林市
10,榆林市九通物流运输有限公司,165,80,12,87,0,榆林市
11,陕西路顺联运物流有限公司,127,96,8,71,0,渭南市
12,吴起县胜利运输有限责任公司,117,87,1,75,0,延安市
13,榆林市远景新能源有限公司,140,62,4,97,0,榆林市
14,铜川市通泰物流发展有限公司,218,42,5,116,0,铜川市
15,志丹县进龙汽配修理有限责任公司,140,58,4,99,0,延安市
16,榆林市宝丰运输有限公司,128,61,28,62,0,榆林市
17,陕西轩顺达运输服务有限公司,87,77,5,64,0,咸阳市
18,西安吉道运输有限公司,172,94,11,40,0,西咸新区
19,榆林通宇运输有限公司,155,61,8,76,0,榆林市
20,志丹县汽车运输公司,86,57,1,84,0,延安市
21,陕西港能物流有限公司,100,92,2,45,0,渭南市
22,陕西中润国泰物流有限公司,78,76,0,62,0,西安市
23,吴起县金海运输有限责任公司,99,51,2,85,0,延安市
24,黄陵天缘工贸有限公司,114,46,14,72,0,延安市
25,陕西承达物流有限公司,77,68,0,62,0,咸阳市
26,咸阳华油运输有限公司,110,59,4,64,0,咸阳市
27,渭南市速达运输有限责任公司,122,81,3,42,0,渭南市
28,渭南君易达物流运输有限公司,126,63,13,46,0,渭南市
29,延安延源工贸有限责任公司,121,56,1,65,0,延安市
30,延川柏江运输有限责任公司,95,50,1,62,0,延安市
31,延安顺通工贸有限公司,101,31,10,71,0,延安市
32,延川县昌顺工贸有限责任公司,96,41,4,65,0,延安市
33,榆林市宝丰工贸有限公司,102,32,38,40,0,榆林市
34,陕西危联物流有限公司,93,28,9,72,0,延安市
35,渭南市东顺运通运输有限公司,76,60,3,45,0,渭南市
36,铜川市亚虎汽车工贸有限公司,158,23,1,80,1,铜川市
37,铜川恒旭汽车运输服务有限公司,83,30,1,71,0,铜川市
38,陕西昌捷运输有限公司,95,41,2,57,0,榆林市
39,靖边县兴达综合发展有限责任公司,87,34,9,53,0,榆林市
40,榆林市豪运物流有限公司,85,54,7,30,1,榆林市
41,延安新九通运输有限公司,114,13,34,45,0,延安市
42,汉中市润发工贸运输有限公司,146,38,22,31,0,汉中市
43,咸阳德祥石化物流有限公司,50,47,0,43,0,咸阳市
44,陕西九畅工贸有限责任公司,79,22,1,67,0,延安市
45,铜川海洋顺达物流有限公司,113,15,2,71,1,铜川市
46,陕西中润运输有限公司,64,57,3,27,1,榆林市
47,吴起三星工贸有限责任公司,82,26,0,62,0,延安市
48,榆林市鑫丰汽车运输有限公司,84,27,18,40,1,榆林市
49,咸阳兴源汽车运输有限公司,5,22,4,59,0,咸阳市
50,铜川市瑰虹物流有限公司,128,15,3,67,0,铜川市
51,延安百川物流有限责任公司,90,22,9,53,0,延安市
52,安塞智鹏汽车运输有限公司,76,32,1,50,0,延安市
53,吴起县万达运输服务队,60,43,0,39,0,延安市
54,铜川通诚物流有限公司,178,24,8,50,0,铜川市
55,中国石油运输有限公司长庆运输分公司,252,34,19,27,0,西安市
56,延川龙升工贸有限责任公司,63,27,3,50,0,延安市
57,咸阳安捷顺物流有限公司,42,39,1,34,0,咸阳市
58,安塞交通综合服务有限公司,73,28,0,46,0,延安市
59,榆林市卓昌运输有限公司,65,37,3,32,0,榆林市
60,陕西宇涛汽车服务有限公司渭南分公司,77,42,13,16,0,渭南市
61,渭南市临渭区远征运输服务有限责任公司,54,41,1,28,0,渭南市
62,靖边县中运物流有限公司,56,30,0,39,1,榆林市
63,榆林市鑫汇工贸有限公司绥德运输分公司,75,41,4,24,0,榆林市
64,渭南博航通达货物运输有限公司,41,34,0,35,0,渭南市
65,西安天祥危险品运输有限公司,172,21,1,47,0,西安市
66,铜川绅沣顺达物流有限公司,61,21,1,46,0,铜川市
67,咸阳华兴石化运输有限公司,40,38,0,29,0,咸阳市
68,榆林市同益运销有限公司,60,19,0,48,0,榆林市
69,咸阳秦虹气体制造有限公司,47,43,0,23,0,咸阳市
70,陕西圣力源燃气资源科技开发有限公司,54,24,0,42,0,榆林市
71,志丹县鑫凯盛运输有限公司,63,28,0,37,0,延安市
72,陕西大信通物流有限公司,58,19,0,46,0,铜川市
73,渭南市临渭区祥运运输服务有限公司,59,34,3,27,0,渭南市
74,陕西德远物流运输有限公司,43,26,0,37,0,咸阳市
75,咸阳方为运输有限公司,41,35,4,23,0,咸阳市
76,陕西盛瀚运输有限公司,56,31,4,27,0,榆林市
77,西安秦宝危险品运输有限公司,131,15,5,41,0,西安市
78,榆林华润通物流有限公司,73,27,1,32,0,榆林市
79,榆林市华宇运输有限公司,54,19,2,39,0,榆林市
80,陕西靖边星源瑞德物流有限公司,46,29,7,23,0,榆林市
81,咸阳阳光置业有限公司,46,26,5,28,0,咸阳市
82,陕西伊丰运输有限公司,35,28,0,30,0,榆林市
83,吴起县恒运运输有限公司,49,24,0,34,0,延安市
84,延安市方圆旅游汽车有限责任公司,7,23,14,21,0,延安市
85,延川通远石化经销有限责任公司,45,23,1,34,0,延安市
86,陕西海跃物流运输有限公司,85,21,12,25,0,西安市
87,延安久大物流有限公司,45,21,0,37,0,延安市
88,榆林联运新能源有限公司,63,17,0,41,0,榆林市
89,延安百派运输有限公司,84,13,0,45,0,延安市
90,陕西浩锐石化运销有限公司,38,33,2,22,0,咸阳市
91,三原顺通运输有限公司,33,30,1,26,0,咸阳市
92,志丹县润东运输公司,44,27,0,30,0,延安市
93,榆林市骅昌货物运输有限公司,51,28,5,23,0,榆林市
94,渭南龙森运业服务有限责任公司,48,22,12,22,0,渭南市
95,靖边县达旺物流有限公司,54,16,2,38,0,榆林市
96,甘泉锦航物流有限公司,80,14,12,30,0,延安市
97,靖边县澳泰物流有限公司,45,19,0,36,0,榆林市
98,陕西鸿途运兴物流有限公司,57,18,3,34,0,榆林市
99,榆林市银州汽车运输有限公司,59,6,2,47,0,榆林市
100,陕西新华创物流有限公司,38,30,0,24,0,咸阳市
101,渭南市天成化工运销有限责任公司,45,33,2,18,0,渭南市
102,西安光明石化运输有限公司,62,30,3,20,0,西咸新区
103,渭南方舟物流有限公司,41,27,1,25,0,渭南市
104,延川华邦工贸有限公司,60,23,1,29,0,延安市
105,咸阳和平运输有限公司,37,29,3,20,0,咸阳市
106,延川龙飞物流有限公司,44,19,3,30,0,延安市
107,延川通海石化经销有限责任公司,48,14,3,35,0,延安市
108,延川县龙泽石油科技有限公司,45,20,1,29,1,延安市
109,渭南鼎益工贸有限公司,34,27,1,22,0,渭南市
110,陕西宽畅物流有限公司,28,25,0,20,4,咸阳市
111,陕西仁通联合物流有限公司,28,28,0,20,0,咸阳市
112,靖边县创庆实业有限公司,39,24,0,23,0,榆林市
113,志丹县利源运输有限责任公司,40,12,0,35,0,延安市
114,延安市鑫运工贸有限公司,33,18,1,27,0,延安市
115,西安宏福危险货物运输有限公司,61,18,2,26,0,西咸新区
116,神木市鹏亮运输有限公司,33,17,4,25,0,榆林市
117,吴起鸿丰工贸运输有限公司,48,16,0,30,0,延安市
118,延安金石荣华工贸有限公司,37,17,0,28,0,延安市
119,陕西徽运鸿顺物流有限公司,37,15,0,30,0,铜川市
120,榆林市塞福运输有限公司,52,10,3,32,0,榆林市
121,志丹县德曜矿区服务有限责任公司,32,19,0,25,0,延安市
122,神木市开创物流供销有限公司,36,17,0,27,0,榆林市
123,黄陵顺达工贸有限责任公司,32,16,0,28,0,延安市
124,宝鸡达远危货运输有限公司,59,13,2,29,0,宝鸡市
125,西安海泰物流有限公司,83,7,8,29,0,西安市
126,陕西和顺联运道路运输有限公司,31,27,0,16,0,渭南市
127,陕西阳丰鸿泰运输有限公司,67,26,1,16,0,商洛市
128,陕西金晨平达运输有限责任公司,53,23,10,10,0,榆林市
129,延安瑞发工贸有限公司,56,7,1,35,0,延安市
130,延安永志泰工贸有限公司,52,4,2,37,0,延安市
131,延安陆地物流有限公司,37,24,2,16,0,延安市
132,榆林市兴泰安汽车货运有限公司,24,21,0,21,0,榆林市
133,延安金达莱工贸有限公司,36,20,4,18,0,延安市
134,陕西宝利达石化运销有限公司,29,19,1,21,0,咸阳市
135,榆林市聚润危险品运输服务有限公司,35,15,3,23,0,榆林市
136,陕西博丰物流有限公司,38,9,1,31,0,延安市
137,汉中海源汽贸有限责任公司,27,15,0,25,0,汉中市
138,神木市尚瑞煤炭运销有限公司,34,13,9,18,0,榆林市
139,靖边县兴安运输有限公司,36,13,0,27,0,榆林市
140,榆林市鼎鑫运输有限公司,44,13,7,20,0,榆林市
141,延安途昊工贸有限公司,39,11,3,26,0,延安市
142,定边县新润货运有限责任公司,35,11,1,28,0,榆林市
143,陕西恒运化工有限责任公司,30,26,0,13,0,渭南市
144,榆林市长源危险品运输有限公司,50,17,2,20,0,榆林市
145,陕西省中轩运输有限公司,32,16,0,23,0,榆林市
146,西安汉邦跃进危险品运输有限责任公司,66,10,1,28,0,西安市
147,榆林市秦通运输有限公司,23,20,0,18,0,榆林市
148,靖边县昱星运输有限公司,39,16,3,19,0,榆林市
149,延安市汽车运输集团有限责任公司原油联合运输分公司,48,8,0,30,0,延安市
150,汉阴县顺通危险品货物运输有限责任公司,34,33,0,4,0,安康市
151,神木市锦宏运输有限公司,34,18,1,18,0,榆林市
152,延川庆源石化经销有限责任公司,29,17,4,16,0,延安市
153,延安正达运输有限公司,28,16,0,21,0,延安市
154,商洛尚路通运输有限公司,67,12,1,24,0,商洛市
155,榆林市兴亚运输有限公司,40,6,2,29,0,榆林市
156,陕西永兴环能科技股份公司,29,22,1,13,0,咸阳市
157,渭南骏安运输有限公司,35,22,1,13,0,渭南市
158,延安泽钰工贸有限责任公司,40,12,5,19,0,延安市
159,洛川县华腾工贸有限责任公司,28,11,1,24,0,延安市
160,延川县骞景新能源有限公司,46,8,4,24,0,延安市
161,铜川市印台区运成货运有限责任公司,39,30,1,4,0,铜川市
162,渭南顺驰能源运输有限公司,26,21,0,14,0,渭南市
163,延安顺泰运输有限公司,24,16,1,18,0,延安市
164,陕西汇能实业有限公司,45,10,0,25,0,铜川市
165,大荔县广宏汽车运输有限公司,37,21,0,13,0,渭南市
166,陕西长安通物流有限公司,23,20,0,14,0,榆林市
167,韩城市盛达鑫汽车运输有限责任公司,29,16,0,18,0,韩城市
168,榆林市荣通汽车运输有限公司,35,16,3,15,0,榆林市
169,甘泉鑫华物流有限公司,39,15,0,19,0,延安市
170,延川诚辉工贸有限公司,25,14,1,19,0,延安市
171,陕西速达汽车服务有限公司,28,11,18,4,1,咸阳市
172,延安速达工贸有限公司,39,9,1,24,0,延安市
173,靖边县盛新宇实业有限公司,31,8,1,25,0,榆林市
174,定边县海慧石油技术服务有限公司,55,4,14,16,0,榆林市
175,靖边县中强恒兴环保科技有限公司,28,18,0,15,0,榆林市
176,靖边县鹏业运输有限公司,26,18,1,14,0,榆林市
177,陕西同辉石油化工销售股份有限公司,28,16,1,16,0,榆林市
178,榆林市拉达运输有限公司,39,13,0,20,0,榆林市
179,靖边县顺天实业有限责任公司,31,13,0,20,0,榆林市
180,陕西欣祥源运输有限公司,34,12,0,21,0,延安市
181,咸阳海红物流有限公司,38,18,0,14,0,咸阳市
182,兴平市鸿顺运输有限公司,28,18,0,14,0,咸阳市
183,榆林市洪宇汽车运输有限公司,24,13,0,19,0,榆林市
184,陕西省跃运港物流有限公司,26,11,2,19,0,榆林市
185,延安智科工贸有限公司,30,8,2,22,0,延安市
186,榆林众力泰物流运输有限公司,34,19,0,12,0,榆林市
187,铜川创洲汽车服务有限公司,27,19,1,11,0,铜川市
188,陕西徽运恒通物流有限公司,19,16,0,15,0,渭南市
189,延安市圣地民用爆破器材专营有限公司,26,13,2,16,0,延安市
190,延安泽然新能源有限责任公司,23,11,0,20,0,延安市
191,府谷县信和物流运输有限责任公司,26,11,2,18,0,榆林市
192,延安轩梅工贸有限公司,31,6,0,25,0,延安市
193,定边县福禄贸易有限责任公司,30,3,0,28,0,榆林市
194,陕西戴宗物流有限公司,16,14,0,16,0,咸阳市
195,靖边县宝顺运输有限公司,35,11,2,17,0,榆林市
196,陕西伟华集团源通运输有限公司,19,14,0,15,0,榆林市
197,榆林学成企业服务有限责任公司,28,12,0,17,0,榆林市
198,商洛市远航运输有限公司,36,12,6,11,0,商洛市
199,靖边县秦宇运输有限责任公司,32,6,0,22,1,榆林市
200,榆林庆岩华远运输有限公司,28,17,0,11,0,榆林市
201,陕西鑫晟顺泰物流运输有限公司,20,16,0,12,0,咸阳市
202,陕西安盛达物流有限公司,24,13,0,15,0,榆林市
203,商南县豪诚物流有限责任公司,26,12,1,15,0,商洛市
204,靖边县海兴实业有限公司,28,12,0,16,0,榆林市
205,志丹县进龙汽配修理有限责任公司吴起分公司,22,11,0,17,0,延安市
206,黄陵集顺物流发展有限公司,24,10,4,14,0,延安市
207,榆林五洲鸿运运输有限公司,23,9,2,17,0,榆林市
208,西安海鑫达危险品运输有限公司,57,7,0,21,0,西安市
209,宝鸡久泰物流有限公司,25,12,0,15,0,宝鸡市
210,大荔县振东汽车贸易有限公司,28,16,0,10,0,渭南市
211,榆林市胜润物流有限责任公司,20,15,0,11,0,榆林市
212,渭南高新区永光化工有限责任公司,17,14,1,11,0,渭南市
213,志丹县富华汽车运输有限责任公司,23,10,0,16,0,延安市
214,绥德县荣发运输有限公司,32,10,3,13,0,榆林市
215,延安崇业工贸有限公司,45,8,0,18,0,延安市
216,陕西远志新能源集团有限公司,25,6,0,20,0,延安市
217,延安畅发工贸有限公司,24,6,0,20,0,延安市
218,靖边县瑞顺商贸有限公司,24,20,0,5,0,榆林市
219,陕西逸仰运输有限公司,30,19,1,5,0,榆林市
220,咸阳运泽通运输有限公司,16,14,0,11,0,咸阳市
221,陕西秦鄂楚榆物流有限公司,19,11,2,12,0,榆林市
222,延川县众义达工贸有限责任公司,20,10,0,15,0,延安市
223,延川县振兴石油经销有限责任公司,19,8,0,17,0,延安市
224,陕西原池物流科技有限公司,19,7,0,18,0,铜川市
225,陕西延长石油物流集团有限公司危化品运输分公司,24,7,4,14,0,延安市
226,榆林鑫通能源科技有限公司,28,16,0,8,0,榆林市
227,绥德县鼎晟运输有限公司,20,10,0,14,0,榆林市
228,陕西贸盛运输有限公司,23,10,0,14,0,榆林市
229,陕西新港物流有限公司,24,10,1,13,0,榆林市
230,子洲县荣盛运输有限责任公司,21,9,3,12,0,榆林市
231,靖边县君顺运输有限公司,21,9,2,13,0,榆林市
232,延安海东工贸有限公司,69,7,0,17,0,延安市
233,榆林信立恒业汽车运输有限公司,28,4,0,20,0,榆林市
234,理福九仓（陕西）储运有限公司,22,14,0,9,0,渭南市
235,武功县佳颖气体有限责任公司,15,14,0,9,0,咸阳市
236,陕西华发通物流有限公司,16,13,0,10,0,渭南市
237,咸阳浩博危险货物运输有限公司,15,12,1,10,0,咸阳市
238,淳化宏安燃气运输有限公司,14,12,0,11,0,咸阳市
239,宝鸡红旗运营有限公司,41,11,0,12,0,宝鸡市
240,陕西物华物流有限公司,15,10,1,12,0,榆林市
241,陕西华仑石化贸易有限责任公司,20,10,0,13,0,延安市
242,延安腾格尔实业发展总公司圣能加油加气站,16,9,0,14,0,延安市
243,西安市哄鄙态区陇海液化气有限公司,64,9,0,14,0,西安市
244,延安德泰物流有限公司,20,8,0,15,0,延安市
245,商洛市民用爆炸物品运输有限责任公司,54,13,1,8,0,商洛市
246,咸阳宝润达物流运输有限公司,12,11,0,11,0,咸阳市
247,子洲县鸿运运销有限责任公司,19,10,4,8,0,榆林市
248,延川中储物流有限责任公司,18,8,0,14,0,延安市
249,延安源泰物流有限公司,18,8,0,14,0,延安市
250,榆林市昌泰捷昌运输有限公司,16,6,0,15,1,榆林市
251,榆林市榆阳区国能运输有限公司,20,6,1,15,0,榆林市
252,渭南宇辰联运物流有限责任公司,32,9,1,11,0,渭南市
253,陕西致远安宝物流有限公司,27,5,0,16,0,榆林市
254,陕西万象恒通运输服务有限公司,38,4,0,17,0,西安市
255,延安市宝塔区安航物流有限公司,25,3,0,18,0,延安市
256,延安市宝塔区宏东货运配载有限公司,22,2,1,18,0,延安市
257,陕西新磊拓物流供应链管理有限公司,27,2,0,19,0,宝鸡市
258,陕西屹立通物流有限公司,76,1,0,20,0,西安市
259,延川安顺爆破有限责任公司,16,11,5,4,0,延安市
260,安康市医疗废物处置中心,15,8,3,9,0,安康市
261,榆林恒瑞达运输有限公司,21,7,0,13,0,榆林市
262,陕西翔宇通工贸有限公司,21,6,0,14,0,铜川市
263,延安市岂宏石油工程技术服务有限公司,20,6,1,13,0,延安市
264,铜川威尔远东能源有限公司,23,4,0,16,0,铜川市
265,陕西万腾利鑫运输发展有限公司,32,14,1,4,0,汉中市
266,靖边县久江运输有限公司,18,13,1,5,0,榆林市
267,渭南瑞鸿盛达物流有限公司,24,11,0,8,0,渭南市
268,陕西盛世瑞祥物流有限公司,14,10,0,9,0,商洛市
269,澄城县秦东汽车运输队,15,10,0,9,0,渭南市
270,略阳县嘉兴危险货物运输有限责任公司,14,10,0,9,0,汉中市
271,兴平市燃气有限责任公司,20,9,0,10,0,咸阳市
272,延安永协工贸有限公司,10,9,2,8,0,延安市
273,铜川市民用爆破器材专营有限责任公司,23,7,0,12,0,铜川市
274,铜川市东亿物流发展有限公司,16,7,0,12,0,铜川市
275,子洲县鑫旺运销有限公司,23,7,3,9,0,榆林市
276,神木市雍鑫运输有限公司,16,7,0,12,0,榆林市
277,延安天驰汽车运输有限责任公司,19,6,0,13,0,延安市
278,定边县皓腾油气工程有限公司,15,5,1,13,0,榆林市
279,榆林市佳雨环境工程有限公司,17,4,0,15,0,榆林市
280,陕西长城太豪物流有限公司,46,3,0,16,0,西安市
281,陕西津东物流有限公司,31,2,2,15,0,西安市
282,靖边县鹏华实业有限公司,18,11,1,6,0,榆林市
283,兴平市海纳低温产品有限公司,15,11,0,7,0,咸阳市
284,延安吉森工贸有限公司,11,10,0,8,0,延安市
285,韩城市圣泰工贸有限责任公司,16,9,0,9,0,韩城市
286,榆林市聚云运输服务有限公司,15,9,1,8,0,榆林市
287,陕西驰达长运物流有限公司,10,9,0,9,0,咸阳市
288,吴起兴达运输有限公司,16,8,0,10,0,延安市
289,延安吉泰运输有限公司,21,7,0,11,0,延安市
290,延安海康工贸有限公司,15,7,0,11,0,延安市
291,陕西康本实业有限公司,32,6,1,11,0,榆林市
292,神木市恒通源运输有限公司,16,5,0,13,0,榆林市
293,神木德运工贸有限公司,22,4,0,14,0,榆林市
294,甘泉海星货物运输有限责任公司,24,3,0,15,0,延安市
295,陕西秦榆石油物资工贸有限公司,22,2,1,15,0,榆林市
296,安康隆基祥汽车运输有限公司,19,14,0,3,0,安康市
297,延安今盛汽车运输有限公司安塞分公司,17,11,0,6,0,延安市
298,陕西森淼化工有限公司,11,11,0,6,0,咸阳市
299,旬阳县恒通危险品货物运输有限责任公司,26,11,2,4,0,安康市
300,陕西金迈鑫盛运输有限公司,10,10,0,7,0,咸阳市
301,咸阳华立物流有限公司,10,9,0,8,0,咸阳市
302,陕西渭南庆山危险货物运输有限公司,14,9,0,8,0,渭南市
303,勉县安顺爆破工程有限公司,15,8,0,9,0,汉中市
304,富平县安腾化工有限公司,15,8,0,9,0,渭南市
305,延安市汽车运输（集团）恒益石化产品经销有限公司,10,8,0,9,0,延安市
306,延安鹿鼎工贸有限公司,15,7,2,8,0,延安市
307,榆林市九鼎环保有限公司,12,6,0,11,0,榆林市
308,延安华运运输有限公司,22,2,1,14,0,延安市
309,安康市万通危险货物运输有限公司,19,11,0,5,0,安康市
310,陕西睿安捷运实业有限公司,10,8,0,8,0,榆林市
311,神木市永安运输有限公司,20,8,4,4,0,榆林市
312,陕西亿盛泰达运输有限公司,10,8,0,8,0,咸阳市
313,神木市镍界制氧厂,15,8,0,8,0,榆林市
314,神木市瑞航顺物流有限责任公司,18,7,1,8,0,榆林市
315,汉中市医疗废物处理中心,11,6,0,10,0,汉中市
316,延川永延污油处理有限责任公司,13,5,0,11,0,延安市
317,宝鸡弘升货物运输有限公司,25,3,0,13,0,宝鸡市
318,延安欣业达能源有限公司,13,3,0,13,0,延安市
319,延安起点运输有限公司,20,1,1,14,0,延安市
320,西安北普气体有限责任公司,28,1,0,15,0,西安市
321,靖边县宝宏运输有限公司,25,12,0,3,0,榆林市
322,空气化工产品（陕西）有限公司,14,10,1,4,0,渭南市
323,米脂县福隆运输有限公司,13,8,1,6,0,榆林市
324,榆林市速通汽车运输有限公司,18,6,3,6,0,榆林市
325,榆林市文朝汽车运输有限公司,18,6,2,7,0,榆林市
326,延安市唐泰工贸有限公司,12,4,0,11,0,延安市
327,陕西安顺祥供应链管理有限公司,17,3,0,12,0,铜川市
328,陕西顺捷鸿盛新能源有限公司,17,2,2,11,0,榆林市
329,榆林语轩物流有限公司,16,2,3,10,0,榆林市
330,西安尧柏环保科技工程有限公司,19,2,0,13,0,西安市
331,西安大唐运输集团双龙危险品汽车运输有限公司,60,1,2,12,0,西安市
332,咸阳森源汽车服务有限公司,9,8,2,4,0,咸阳市
333,岐山县天惠工贸有限责任公司,15,7,0,7,0,宝鸡市
334,咸阳恒旭汽车运输服务有限公司,10,7,0,7,0,咸阳市
335,陕西隆庆气体有限公司,11,5,0,9,0,榆林市
336,陕西通达远物流运输有限公司,10,5,1,8,0,铜川市
337,榆林市元兴和运输有限公司,20,3,0,11,0,榆林市
338,延安东远新能源化工有限责任公司,11,3,0,11,0,延安市
339,陕西国力危险品运输有限公司,14,11,1,1,0,安康市
340,榆林市欧胜达商贸有限公司,14,9,0,4,0,榆林市
341,延安瑞豪科工贸有限公司,12,9,0,4,0,延安市
342,神木市运安运输有限公司,16,7,0,6,0,榆林市
343,陕西鑫岳亿山物流有限公司,8,6,0,7,0,渭南市
344,渭南新鸿蒙物流有限公司,9,6,1,6,0,渭南市
345,渭南畅达运输有限公司,12,6,0,7,0,渭南市
346,榆林市盛汇恒通气体科技有限公司,13,5,0,8,0,榆林市
347,陕西靖边金宝石油技术服务有限公司,14,5,0,8,0,榆林市
348,陕西汉江源实业有限公司,11,4,0,9,0,汉中市
349,陕西濮兴运输有限公司,11,4,0,9,0,延安市
350,榆林市榆神工业区亿融运输有限公司,15,3,0,10,0,榆林市
351,密尔克卫迈达化工供应链服务有限公司,16,3,0,10,0,铜川市
352,西安近代军民物流有限公司,45,2,1,10,0,西安市
353,陕西德泰物流运输有限公司,13,2,0,11,0,延安市
354,定边县东港污油泥土处理有限责任公司运输分公司,17,2,0,11,0,榆林市
355,宝鸡大信物流有限公司,36,1,0,12,0,宝鸡市
356,榆林市昌进泰运输有限责任公司,16,0,0,13,0,榆林市
357,西安益鹏危险品运输有限公司,13,10,0,2,0,西安市
358,咸阳秦源民爆专营有限责任公司,10,8,0,4,0,咸阳市
359,榆林东升物流供销有限公司,9,8,0,4,0,榆林市
360,陕西安迅优品实业有限公司,9,7,0,5,0,渭南市
361,白河县红化危险品运输有限责任公司,15,7,5,0,0,安康市
362,榆林市邦大运输有限公司,18,7,2,3,0,榆林市
363,吴起龙玺科工贸有限公司,9,7,0,5,0,延安市
364,咸阳辉煌威腾商贸有限公司,8,7,0,5,0,咸阳市
365,府谷县货瑞多物流科技有限公司,7,6,1,5,0,榆林市
366,渭南安运达运输有限公司,6,6,0,6,0,渭南市
367,米脂县泰安运输有限责任公司,9,5,2,5,0,榆林市
368,咸阳医疗废物处置中心,7,5,0,7,0,咸阳市
369,延安龙腾跃进工贸有限公司,13,4,2,6,0,延安市
370,延安兆京恒基物流有限公司,10,4,0,8,0,延安市
371,陕西榆林勤运德实业有限公司,8,4,0,8,0,榆林市
372,延安万华工贸有限公司,8,4,0,8,0,延安市
373,延安市宏丰气体有限公司,10,3,0,9,0,延安市
374,陕西达润旺物流有限公司,14,3,4,5,0,安康市
375,榆林联盛万通能源运输有限公司,10,3,1,8,0,榆林市
376,陕西亨途物流有限公司,12,2,2,8,0,榆林市
377,富县福运达物流有限公司,10,2,0,10,0,延安市
378,西安大唐运输集团顺达危险品运输有限责任公司,26,2,1,9,0,西安市
379,榆林市大铭运输服务有限责任公司,8,7,0,4,0,榆林市
380,洛川县通运货物有限责任公司,8,7,0,4,0,延安市
381,大荔县纪刚汽车贸易有限公司,12,7,0,4,0,渭南市
382,延安鸿泉运输有限公司,14,6,0,5,0,延安市
383,志丹县新辅顺工贸有限公司,9,6,0,5,0,延安市
384,渭南新莫愁危险品运输有限责任公司,7,6,0,5,0,渭南市
385,陕西圣和源实业有限公司,8,5,0,6,0,榆林市
386,定边县闫七工贸有限责任公司,9,5,0,6,0,榆林市
387,陕西秦木运输有限公司,14,4,0,7,0,西安市
388,子长市伟业工贸有限公司,17,4,0,7,0,延安市
389,陕西国储平安货运有限责任公司,28,4,0,7,0,西安市
390,陕西新源海物流有限公司,31,3,0,8,0,西安市
391,延安鸿翔腾工贸有限公司,12,2,0,9,0,延安市
392,陕西百昌运输有限公司,10,2,0,9,0,延安市
393,陕西长久现代物流有限责任公司,31,2,0,9,0,宝鸡市
394,安康市翔远危险货物运输有限公司,38,8,1,1,0,安康市
395,子洲县鑫顺通运输有限公司,18,8,2,0,0,榆林市
396,榆林中顺通运输有限责任公司,12,7,0,3,0,榆林市
397,榆林市丰顺物流运输有限公司,9,7,1,2,0,榆林市
398,榆林市保福汽车运输有限公司,8,6,0,4,0,榆林市
399,渭南市广运通燃气配送有限公司,6,6,0,4,0,渭南市
400,渭南市天然气有限公司,5,5,0,5,0,渭南市
401,延安天立新能源有限公司,9,5,0,5,0,延安市
402,延安市盛源医疗废物集中处置有限公司,8,5,0,5,0,延安市
403,陕西聚拉贝卓实业有限责任公司,5,5,0,5,0,榆林市
404,咸阳彩虹物流运输有限公司,9,5,2,3,0,咸阳市
405,榆林金万利汽车运输有限公司,11,4,2,4,0,榆林市
406,泾阳盛通危货运输有限公司,10,4,4,2,0,咸阳市
407,神木市鸿运汽车运输有限责任公司,11,4,5,1,0,榆林市
408,榆林君壮航危化运输有限公司,10,4,0,6,0,榆林市
409,陕西久天翊运输服务有限公司,8,4,0,6,0,咸阳市
410,陕西隆安危险品运输有限公司,23,3,0,7,0,西咸新区
411,铜川宏文顺达物流有限公司,9,2,0,8,0,铜川市
412,陕西中储石油天然气有限公司,8,2,0,8,0,延安市
413,靖边县青阳岔联运有限公司,10,2,1,7,0,榆林市
414,陕西延长中立石化运输有限责任公司,23,2,0,8,0,西安市
415,延安通侨石油科技有限公司,15,1,1,8,0,延安市
416,宝鸡东宇航特种货物运输有限公司,28,1,5,4,0,宝鸡市
417,陕西义道运输有限公司,14,1,0,9,0,榆林市
418,陕西长大石油化工产品有限公司,10,1,4,5,0,延安市
419,商洛市俊逢运输有限责任公司,9,7,0,2,0,商洛市
420,靖边县长隆油气工程技术有限公司,8,6,0,3,0,榆林市
421,西安新和平信物流有限公司,18,6,0,3,0,西安市
422,榆林市靖源物流有限公司,6,5,0,4,0,榆林市
423,陕西摩贝供应链管理有限公司,6,5,0,4,0,铜川市
424,咸阳融德物流运输有限公司,5,4,1,4,0,咸阳市
425,西安讯安危险品运输有限公司,19,4,0,5,0,西安市
426,延安源享工贸有限责任公司,7,4,0,5,0,延安市
427,榆林市泰达汽车运输有限公司,7,4,3,2,0,榆林市
428,子洲县安翔运输有限责任公司,7,3,1,5,0,榆林市
429,延安运路顺工贸有限公司,17,3,0,6,0,延安市
430,神木市赛风汽车运输有限公司,8,2,0,7,0,榆林市
431,铜川凯环达物流有限公司,8,2,0,7,0,铜川市
432,榆林市德隆环保科技有限公司,10,2,0,7,0,榆林市
433,延安瑞哲新能源有限公司,9,1,0,8,0,延安市
434,西安海众实业有限公司,16,0,1,8,0,西安市
435,韩城市保安服务有限公司,10,6,0,2,0,韩城市
436,咸阳诚兰物流有限公司,7,6,0,2,0,咸阳市
437,陕西翎萧实业有限公司,7,5,1,2,0,延安市
438,陕西邦达捷顺运输有限责任公司,6,5,0,3,0,榆林市
439,榆林建勋卓越再生资源回收有限公司,7,5,0,3,0,榆林市
440,陕西龙华捷运物流有限公司,11,5,0,3,0,西安市
441,延安市宝塔区慕程工贸有限公司,6,5,0,3,0,延安市
442,西咸新区邮讯物流有限公司,9,4,0,4,0,咸阳市
443,勉县致远危货运输有限公司,6,4,0,4,0,汉中市
444,陕西顺安达汽车服务有限公司,8,4,1,3,0,咸阳市
445,西安长远石化有限公司,9,4,3,1,0,西咸新区
446,商洛市秦锌运输有限责任公司,10,4,0,4,0,商洛市
447,神木亿路通运输有限公司,18,4,0,4,0,榆林市
448,靖边县富源运输有限责任公司,8,4,0,4,0,榆林市
449,延安市勤荣工贸有限公司,5,4,0,4,0,延安市
450,西安正尚天然气发展有限公司,7,3,0,5,0,西安市
451,延安市神州（集团）圣为工贸有限公司,9,3,0,5,0,延安市
452,陕西志胜隆和运输有限公司,5,3,0,5,0,咸阳市
453,延安平通物流有限公司,5,3,0,5,0,延安市
454,甘泉关家沟汽车联运有限责任公司,5,3,0,5,0,延安市
455,大荔远程汽车销售服务有限公司,9,3,0,5,0,渭南市
456,西安金顺危险品运输有限责任公司,29,3,0,5,0,西安市
457,延安首创气体科技有限公司,8,2,0,6,0,延安市
458,陕西众能化工有限公司,7,2,0,6,0,延安市
459,延安旭启工贸有限公司,8,1,0,7,0,延安市
460,神木市东风汽车运输有限责任公司,9,1,0,7,0,榆林市
461,延安莱运工贸有限公司,10,1,0,7,0,延安市
462,绥德县德顺昌能源有限公司,9,0,0,8,0,榆林市
463,咸阳融通汽车运输有限公司,12,0,0,8,0,咸阳市
464,神木市天运运输有限责任公司,33,7,0,0,0,榆林市
465,延安恒荣工贸有限公司,6,6,0,1,0,延安市
466,榆林市恒泰集团危险货物运输有限公司,7,6,1,0,0,榆林市
467,陕西路平通运输服务有限公司,5,5,0,2,0,咸阳市
468,渭南新浩畅物流有限公司,6,5,0,2,0,渭南市
469,陕西龙安佳泰物流有限公司,5,5,0,2,0,西安市
470,安康市恒星危险品运输有限公司,8,5,1,1,0,安康市
471,陕西安达众邦运输有限公司,5,5,0,2,0,渭南市
472,延长油田股份有限公司下寺湾采油厂,5,5,0,2,0,延安市
473,商洛通九州运输有限公司,5,4,0,3,0,商洛市
474,陕西延长石油（集团）有限责任公司延安炼油厂,6,4,0,3,0,延安市
475,安塞延源物业服务有限责任公司,7,3,0,4,0,延安市
476,神木市车顺运输有限公司,23,3,0,4,0,榆林市
477,安塞龙胜工贸有限责任公司,14,3,1,3,0,延安市
478,西安平得源工贸有限公司,4,3,0,4,0,西安市
479,延安绿豪泽节能燃料产品销售有限公司,5,3,0,4,0,延安市
480,延安宝升油田工程技术服务有限公司,6,2,0,5,0,延安市
481,定边县鸿泽工贸有限责任公司,7,2,0,5,0,榆林市
482,陕西惠创物流科技有限公司,5,2,0,5,0,铜川市
483,靖边县长源油井技术服务有限公司,13,2,0,5,0,榆林市
484,陕西驰纳象运输有限公司,6,2,0,5,0,榆林市
485,黄陵红峰中化工贸有限公司,5,2,0,5,0,延安市
486,陕西怀远和润运输有限责任公司,8,1,2,4,0,榆林市
487,洛南洛铜商贸物流有限公司,14,0,1,6,0,商洛市
488,西安福安天然气运输有限公司,21,0,0,7,0,西安市
489,西安兵工物流有限公司,12,6,0,0,0,西安市
490,靖边县隆盛实业有限公司,5,5,0,1,0,榆林市
491,神木市航瑞运输有限公司,6,5,0,1,0,榆林市
492,甘泉森源运业有限责任公司,4,4,0,2,0,延安市
493,延安市宝塔区振江汽车运输有限公司,5,4,0,2,0,延安市
494,陕西新洁达运输有限公司,5,4,0,2,0,延安市
495,延安安达运输有限公司,5,4,0,2,0,延安市
496,陕西同程天下物流有限公司,7,3,2,1,0,西咸新区
497,延安市宝塔区运德顺工贸有限公司,4,3,0,3,0,延安市
498,榆林通航运输有限公司,14,3,0,3,0,榆林市
499,韩城市玖安运输贸易有限责任公司,7,3,1,2,0,韩城市
500,陕西省定边县泰安实业有限责任公司,7,3,2,1,0,榆林市
501,渭南博远鸿业物流有限公司,5,3,1,2,0,渭南市
502,陕西畅达永安物流有限公司,3,3,0,3,0,咸阳市
503,商洛百志达物流运输有限公司,9,3,0,3,0,商洛市
504,榆林腾兴运输有限公司,5,2,0,4,0,榆林市
505,米脂县恒盛运输有限公司,7,2,3,1,0,榆林市
506,陕西通汇天然气配送有限公司,12,2,1,3,0,西安市
507,宝鸡市双峰气体有限公司,9,2,0,4,0,宝鸡市
508,靖边县远沃实业有限公司,6,2,0,4,0,榆林市
509,榆林聚通汇运输服务有限公司,4,2,2,2,0,榆林市
510,汉中春辉实业有限公司,8,2,1,3,0,汉中市
511,佳县恒通危化品运输有限公司,7,1,0,5,0,榆林市
512,陕西天赐平福物流供应链管理有限公司,5,1,0,5,0,榆林市
513,黄陵丰茂石化有限责任公司,8,1,0,5,0,延安市
514,延川诺坤工贸有限公司,7,1,0,5,0,延安市
515,陕西置天实业有限公司,14,1,0,5,0,榆林市
516,延安知达汽车贸易有限公司,6,1,0,5,0,延安市
517,定边县威力运输有限责任公司,15,1,0,5,0,榆林市
518,榆林市博瑞运输有限责任公司,8,0,0,6,0,榆林市
519,陕西运泰鸿科工贸有限公司,5,5,0,0,0,西安市
520,靖边县顺威实业有限公司,5,4,0,1,0,榆林市
521,渭南德立成运输服务有限责任公司,4,4,0,1,0,渭南市
522,陕西浩同物流有限公司,6,4,0,1,0,西安市
523,渭南华龙世通物流有限公司,5,3,0,2,0,渭南市
524,榆林华源通汽车运输有限公司,6,3,0,2,0,榆林市
525,陕西路安通物流有限公司,5,3,0,2,0,韩城市
526,咸阳通驰实业有限公司,4,3,0,2,0,咸阳市
527,陕西秦泰昌运输有限公司,6,2,0,3,0,榆林市
528,榆林市华宇爆破有限责任公司,10,2,1,2,0,榆林市
529,陕西运得利运输有限公司,5,2,0,3,0,咸阳市
530,汉中市昌泰运输物资有限公司,6,2,1,2,0,汉中市
531,陕西宇晨铭锐物流有限公司,13,2,0,3,0,商洛市
532,延安偌侨工贸有限公司,10,2,0,3,0,延安市
533,陕西田丰石化有限公司,6,2,0,3,0,延安市
534,陕西城市燃气产业发展有限公司,22,2,0,3,0,西安市
535,延长油田股份有限公司七里村采油厂,3,2,3,0,0,延安市
536,陕西恒运达物流有限公司,5,2,0,3,0,咸阳市
537,延安蓝能石油工程技术服务有限公司,6,2,0,3,0,延安市
538,宝鸡市晶玖宇环境科技有限公司,8,1,0,4,0,宝鸡市
539,陕西海钰能源有限公司,6,1,1,3,0,西安市
540,延安晶振炜石油科技有限公司,5,0,1,4,0,延安市
541,商洛市乐驰运输有限公司,13,0,0,5,0,商洛市
542,陕西省润耀实业有限公司,5,0,0,5,0,榆林市
543,陕西新北义物流有限公司,5,0,0,5,0,榆林市
544,定边县速瑞腾物流有限公司,5,0,0,5,0,榆林市
545,榆林众泰达运输有限公司,5,0,0,5,0,榆林市
546,靖边县嘉银实业有限公司,5,0,0,5,0,榆林市
547,延安华府运输有限公司,5,0,0,5,0,延安市
548,榆林汉华兰德实业有限公司,6,0,0,5,0,榆林市
549,西安博新天然气运输配送有限公司,7,0,0,5,0,西安市
550,渭南速安恒德物流运输有限公司,5,4,0,0,0,渭南市
551,西安鑫宇冠物流有限公司,17,4,0,0,0,西安市
552,榆林藤萝物流有限公司,8,3,0,1,0,榆林市
553,潼关县保安服务有限责任公司,5,3,0,1,0,渭南市
554,咸阳秦塬汽车租运有限责任公司,4,2,1,1,0,咸阳市
555,榆林市榆能物流有限公司,6,2,0,2,0,榆林市
556,陕西延长石油丰源有限责任公司,6,2,0,2,0,延安市
557,西咸新区路达通运输有限公司,2,2,0,2,0,咸阳市
558,宝鸡宏顺运输有限公司,9,1,0,3,0,宝鸡市
559,西安鼎源能源科技有限公司,13,1,0,3,0,西安市
560,延安永跃工贸有限公司,7,1,0,3,0,延安市
561,延安市纳川运输有限公司,6,1,0,3,0,延安市
562,延川正凯气体有限公司,5,0,1,3,0,延安市
563,陕西亚泰气体有限责任公司,8,0,0,4,0,西安市
564,陕西宝钢气体有限公司,12,0,0,4,0,宝鸡市
565,陕西中恒盛远化工有限公司,4,0,0,4,0,延安市
566,延安市宝塔区于玲石油技术服务有限公司,5,0,0,4,0,延安市
567,陕西绿色能源三环环保有限责任公司,5,0,0,4,0,延安市
568,陕西鸿多能源有限公司,5,0,0,4,0,延安市
569,延安同辉实业有限公司,4,0,0,4,0,延安市
570,陕西壮壮物流有限公司,4,3,0,0,0,韩城市
571,陕西邦达天原国际物流有限公司,5,2,0,1,0,西安市
572,延安市鸿昌物流有限公司,3,2,1,0,0,延安市
573,陕西榆林亿科矿岩工程有限公司,13,2,0,1,0,榆林市
574,榆林兴骏通汽车运输有限公司,5,2,0,1,0,榆林市
575,西安惠振实业有限公司,5,2,0,1,0,西安市
576,蓝田县天顺环保科技有限公司,5,1,1,1,0,西安市
577,子长县昌顺工贸有限公司,5,1,0,2,0,延安市
578,延长油田股份有限公司子长采油厂,2,1,0,2,0,延安市
579,西安肱力物流有限公司,6,1,0,2,0,西安市
580,澄城县弘达运输有限责任公司,4,1,0,2,0,渭南市
581,蓝田县虹桥危险品运输有限公司,8,1,0,2,0,西安市
582,陕西华徽危险品运输有限公司,13,1,0,2,0,西安市
583,华阴市富佳汽车服务有限公司,2,1,0,2,0,渭南市
584,延安博运石化有限公司,4,0,0,3,0,延安市
585,延安远智工贸有限公司,5,0,0,3,0,延安市
586,延安市久通工贸有限公司,5,0,0,3,0,延安市
587,陕西昆仑海石油销售有限公司,20,0,0,3,0,西安市
588,延安坤远工贸有限公司,9,0,0,3,0,延安市
589,延安锦中凯实业有限公司,5,0,0,3,0,延安市
590,汉中全顺货运物流有限公司,5,0,0,3,0,汉中市
591,延安圣宝工贸有限公司,4,0,0,3,0,延安市
592,延川县三和石油经销有限责任公司,4,0,0,3,0,延安市
593,汉中石门危险废物集中处置中心,5,2,0,0,0,汉中市
594,亚能石化股份有限公司,9,2,0,0,0,西安市
595,陕西宾茂物流有限公司,5,2,0,0,0,榆林市
596,延安市伟铭工贸有限公司,6,2,0,0,0,延安市
597,陕西睿诚奥物流服务有限公司,5,1,0,1,0,宝鸡市
598,西安市西蓝天然气股份有限公司,6,1,0,1,0,西安市
599,西安深宇骏达物流有限公司,12,1,0,1,0,西安市
600,陕西绿林通物流有限公司,4,1,0,1,0,渭南市
601,陕西安泰环保科技有限公司,1,1,0,1,0,铜川市
602,西安天盛气体有限公司,10,1,0,1,0,西安市
603,陕西晟境环境科技有限公司,5,1,0,1,0,西安市
604,安塞博源工贸有限责任公司,3,1,0,1,0,延安市
605,陕西公信物流有限公司,17,1,0,1,0,西安市
606,商洛康圣达道路运输有限公司,4,1,0,1,0,商洛市
607,陕西汇昌恒沣物流有限公司,2,1,0,1,0,渭南市
608,陕西双锐锋汽车服务有限公司,9,1,1,0,0,渭南市
609,西安方元能源工程有限责任公司,7,0,1,1,0,西安市
610,陕西英泰能源投资有限公司,5,0,0,2,0,西安市
611,澳隆供应链（陕西）有限公司,2,0,0,2,0,铜川市
612,宝鸡市宝运特种货物运输有限公司,8,0,0,2,0,宝鸡市
613,陕西京元石化物流有限公司,5,0,0,2,0,延安市
614,西安睿烨新能源科技有限公司,5,0,0,2,0,西安市
615,西安泰达低温设备有限责任公司,8,0,0,2,0,西安市
616,陕西元和道路运输有限公司,5,0,0,2,0,西安市
617,空气产品（西安）气体有限公司,5,0,0,2,0,西安市
618,汉中市蓝鹰大富鑫石油有限公司,2,0,0,2,0,汉中市
619,西安鸿安运输有限责任公司,6,0,0,2,0,西安市
620,商洛市煊佳达运输有限公司,6,0,0,2,0,商洛市
621,志丹县意生石油技术服务有限责任公司,3,0,0,2,0,延安市
622,延安龙禹运输有限公司,2,0,0,2,0,延安市
623,汉中达顺祥运输有限责任公司,2,0,0,2,0,汉中市
624,西安华顺达运输有限责任公司,12,0,0,2,0,西安市
625,安塞盛元泽工贸有限公司,2,0,0,2,0,延安市
626,陕西延长石油丰源油气联运有限公司,5,1,0,0,0,延安市
627,志丹县盛通物流有限责任公司,2,1,0,0,0,延安市
628,汉中六一二物资有限公司,4,1,0,0,0,汉中市
629,延安三方科技有限公司,1,1,0,0,0,延安市
630,横山县龙飞苑工贸有限责任公司,7,1,0,0,0,榆林市
631,陕西鑫运吉祥实业有限公司,6,1,0,0,0,西安市
632,延安崇淮运输有限公司,10,1,0,0,0,延安市
633,西安现代控制技术研究所,6,0,1,0,0,西安市
634,陕西西宇无损检测有限公司,1,0,1,0,0,杨凌示范区
635,陕西浩宇享通物流供应链管理有限公司,5,0,0,1,0,榆林市
636,陕西通诺达物流有限公司,5,0,0,1,0,西安市
637,陕西鸿运通和物流有限公司,5,0,0,1,0,西安市
638,商洛市健隆保洁有限公司,3,0,0,1,0,商洛市
639,志丹县亿诚环保工贸有限公司,1,0,0,1,0,延安市
640,陕西海旺顺达物流有限公司,6,0,0,1,0,铜川市
641,甘泉鑫远运输有限公司,1,0,0,1,0,延安市
642,铜川市天然气有限公司,3,0,0,1,0,铜川市
643,陕西铁信物流运输有限公司,9,0,0,1,0,西安市
644,志丹县胜利汽车运输有限责任公司,1,0,0,1,0,延安市
645,靖边县轩旭商贸有限公司,5,0,0,1,0,榆林市
